x,y,label
-0.021623303868505195,0.5691700887243905,0.0
0.23046661884306952,0.3238974817271165,0.0
0.24750111233909666,0.6386769437424866,0.0
0.30164599037147055,-0.12015016017862101,0.0
0.13358363942481555,-0.03756189816866562,0.0
-0.09259426629485623,-0.23923624603898808,0.0
0.21120499335652254,0.6174255527101218,0.0
0.20710909096450725,0.2647487728386251,0.0
0.15139781259417662,-0.12661038842214944,0.0
0.20983073815631892,0.6994327105062561,0.0
0.28298752805266325,-0.08018118091448012,0.0
-0.2863539553640102,-0.19867770929446094,0.0
0.11607109483172762,0.2003664142129038,0.0
-0.3440853360012317,-0.22270899838014646,0.0
-0.19621187744654534,0.613041867255232,0.0
0.2987065667219928,0.40351205405506074,0.0
0.1517697761979695,0.27456984628781855,0.0
-0.26266021800856265,-0.20083238141266024,0.0
0.10972210267173632,0.32499369126816324,0.0
0.03579905214471024,0.5834159217011408,0.0
0.06502890645029757,-0.04870215350839624,0.0
-0.045807676008291054,-0.012971709180108482,0.0
-0.001061843407517582,-0.2394039772618446,0.0
-0.06134124317294343,0.47218188982382725,0.0
0.38366673751971625,0.1223595795382808,0.0
0.36321442084278854,0.22608039027148985,0.0
0.3927654984924094,0.2560713151179541,0.0
0.14333597184221136,-0.1467013898456846,0.0
0.41487577237177864,0.3517193078920178,0.0
-0.1798261581289331,-0.1893077796745124,0.0
0.13958523833137226,-0.17258039002951953,0.0
-0.16730906433893966,0.7858527037126193,0.0
0.40044147888303394,0.054718530069086,0.0
0.28055151779325427,0.41821743769084985,0.0
-0.2038817756886835,0.7756841761193007,0.0
0.12148729274614967,0.3394721422104978,0.0
-0.2140188523188773,-0.16995778227696534,0.0
0.370795875052093,0.27986696034389547,0.0
0.1940275739950461,-0.14851733179699766,0.0
0.21223701691140207,0.42017670240482996,0.0
0.1644029672457472,0.40340256581650413,0.0
-0.16124600600741368,0.5730516223716837,0.0
0.2026293502051777,0.29026992584045663,0.0
0.08211854495137083,0.4124742960922554,0.0
0.11142527432570826,0.24863885571810274,0.0
-0.19711561846976267,0.7458747079152481,0.0
-0.10319651856452583,0.7514828619236107,0.0
-0.06439112567127125,-0.2890681753793525,0.0
0.19374489523473604,0.23124167021166886,0.0
0.04810636815253333,0.6081105668832705,0.0
-0.12080370297423171,0.5928341929209187,0.0
-0.3150418311418208,0.7535377324578074,0.0
-0.12971553554020887,-0.17379183483409233,0.0
0.08640661561316998,0.6451786779121247,0.0
0.09984635596316371,0.37158256763955855,0.0
-0.06701713363433837,-0.05903126383111723,0.0
0.017688903983611004,0.6893640745218734,0.0
0.013524704911518803,-0.2849428903972062,0.0
-0.2433550061532872,0.6593153608498641,0.0
0.24880720864703898,0.059937967472650344,0.0
-0.13428798430147837,0.7029938801107098,0.0
0.18818000758458053,0.6818718749314696,0.0
0.26758713973339954,0.5089167892911708,0.0
0.10170559795467393,0.026167139956739582,0.0
0.09569756170710741,-0.1585531929303423,0.0
0.24198846850075295,0.15116417185385922,0.0
0.2414419669928849,0.20894330676287742,0.0
-0.06289580071277934,-0.17847279221443335,0.0
-0.03164811279737201,0.7462910647258032,0.0
0.37378262003897555,0.2675721061187244,0.0
-0.06580802335937763,-0.07195041633867727,0.0
-0.20995386429779628,0.6888894222433641,0.0
0.03781362836685909,-0.0010152520150890076,0.0
0.3635473766947537,0.14246371957828297,0.0
0.27236737327556093,-0.04423003038164053,0.0
-0.012563294005665693,0.6488085888224584,0.0
-0.1930037340922548,-0.12960110546046333,0.0
-0.35900290123747514,-0.209433466658264,0.0
-0.05964486474466635,0.06000228045559064,0.0
-0.05702862362186489,0.5457720616647688,0.0
0.4182926858808236,0.12049366504156511,0.0
-0.05101715131345763,-0.17002224425628665,0.0
-0.06039973648657804,0.7370253747662687,0.0
0.03771382079078589,-0.14684834309466854,0.0
0.19234526528716311,0.4299418214160047,0.0
0.358076586490508,0.20100301492627115,0.0
0.05167964027438021,-0.24059381553271453,0.0
-0.25220966040387105,0.6797262145834702,0.0
-0.16493298071867302,-0.21247980526267107,0.0
-0.03807926266030348,-0.19110141586940332,0.0
0.27986332064235886,0.3063876229134084,0.0
0.23740877484736878,0.2784885541077189,0.0
0.16166710594817912,-0.029565926334677917,0.0
0.17255497553887866,0.6976718812285048,0.0
0.29082850374969804,0.017366076072562686,0.0
-0.11697976625753936,0.6411882349378972,0.0
0.005973912075498911,0.00477482478763247,0.0
0.23022387468901684,0.14485825365721205,0.0
0.43132829786113724,0.27898943326316683,0.0
0.20144675741428353,0.6658681979568768,0.0
0.21614036598718145,0.2768015743424961,0.0
0.07644032096991427,0.34481271592586094,0.0
0.10996584704375412,0.5076249556297412,0.0
-0.2007739541610598,0.5833070605825588,0.0
0.2673445828423715,0.3786103462602597,0.0
0.20767521011050993,0.4360072410624045,0.0
0.011508781256508893,-0.05709431548380062,0.0
-0.2551143679047998,0.7384142943778449,0.0
0.03396279677357117,0.5594681691010377,0.0
-0.10471720741345658,0.678571265747953,0.0
0.009760531843429954,0.49835433050798983,0.0
0.23705527920070502,0.26753447937593267,0.0
0.03548515977628108,0.5855465293014168,0.0
-0.14136618691371994,-0.037803544364562125,0.0
0.09700065187877582,-0.19821050542663765,0.0
-0.2511689678619342,-0.172418606904573,0.0
0.1887094941765879,-0.015389356678622512,0.0
-0.03512349181803165,0.4904720843499448,0.0
0.18906331784063357,-0.17937043263703023,0.0
0.10398875228796056,0.3318187303076563,0.0
-0.2923175410294414,0.7256289320647049,0.0
0.006835377885618277,-0.2585481543771806,0.0
0.40565254810681584,0.27939183818039215,0.0
-0.08773114225210787,-0.12304675648944796,0.0
-0.26930835677542087,-0.1677576446586213,0.0
0.062137451794090026,-0.05329670467745884,0.0
-0.0448238247322692,-0.04048354935866105,0.0
0.04893904146104866,0.45510971494502006,0.0
-0.16117706773031792,-0.19068843446472528,0.0
-0.05198087164992837,0.08993424430300467,0.0
-0.0820445290774987,0.43821076055862496,0.0
-0.1384079740157771,-0.09104386735362113,0.0
-0.00382817071724717,-0.18916536924466865,0.0
0.20920353070566766,-0.05268151229928453,0.0
-0.14285114000149335,-0.24260318622101362,0.0
0.3531857643690359,0.20528628303249907,0.0
0.09890890194302471,0.621176233987004,0.0
0.09725400815403451,-0.16367893421934476,0.0
-0.4003487674112325,0.6973513849029518,0.0
-0.08941513952183922,-0.28229258469929563,0.0
0.1916338035035361,0.6843860467226117,0.0
0.21909397023318822,0.22607398463244732,0.0
-0.32454294740073797,-0.24244553429683147,0.0
0.40246860037094345,0.12485784570104319,0.0
0.1303207285657535,0.4592677113449535,0.0
0.33054279063581715,0.047761288590906226,0.0
-0.09678238524382676,0.5829282070970165,0.0
0.07722643192250245,-0.23739217994256534,0.0
-0.1934761410349055,-0.25363163885737894,0.0
-0.18144503467356432,-0.27746366724684046,0.0
-0.04468791263976102,0.03517400989744979,0.0
0.1737463125280887,0.673354620373968,0.0
0.1104648532091892,0.28899114589094865,0.0
-0.20403168176221986,0.6274364073093817,0.0
0.32354561433769535,0.20192059228350723,0.0
0.21942660963639682,0.3000669797740745,0.0
0.1351497938675983,-0.24152690881150796,0.0
-0.08815937672611551,-0.04137237099873414,0.0
0.3443621179546674,0.16060538004338554,0.0
0.25404699290017185,0.13272584615600969,0.0
-0.11766717433704144,0.7567539069390454,0.0
0.3276329376585312,0.20155232128662415,0.0
0.2037510651306269,0.11130246621573137,0.0
0.1737383205033627,0.22081891412000498,0.0
-0.060719665214231,0.5269555644671904,0.0
-0.11769357764218746,-0.12412886520567579,0.0
0.08704114966300236,0.06155331138522624,0.0
0.43008267285762813,0.15892730589160542,0.0
0.2241239787701872,0.4796042315929099,0.0
0.11765647411747993,0.41621361636630305,0.0
0.26663173701833154,0.08835716606059885,0.0
0.09748217358580957,0.5352023517337425,0.0
0.17947092996372516,-0.06275537061665082,0.0
0.05990888188049581,0.04105866380420564,0.0
0.11585378971579785,-0.18472777991332978,0.0
0.14012490341468986,0.20306891314888253,0.0
-0.05136544065120763,-0.16210287629107167,0.0
0.08171229348807363,0.4400989923659979,0.0
0.20095562066194672,0.19559350575449974,0.0
0.16341787473551062,0.5818750269158104,0.0
0.007404212492733153,0.6363946691300859,0.0
0.3870783022796289,0.36328608502021176,0.0
-0.3358642279534707,0.6812277408198051,0.0
0.16510039744492278,0.6058881902631488,0.0
0.05891354400455451,0.5271272828516618,0.0
-0.26182046327280073,-0.2585824562188055,0.0
-0.04590283640104942,0.7673416992910134,0.0
-0.09747062686195385,0.7746327742637971,0.0
-0.1559189033110091,-0.24637594799880413,0.0
0.06828665305081372,0.4366969092685624,0.0
0.21241785187612927,0.6056898949623277,0.0
-0.0826336948231039,-0.07234723074802729,0.0
0.3330052756545361,0.3589085760706643,0.0
0.22447994425697249,0.23534626305721362,0.0
0.4083285044748144,0.095972976374886,0.0
0.011292931849451904,-0.09419373308254353,0.0
0.2907920072918031,0.5010290095054313,0.0
0.19257693616228444,-0.10042218229110045,0.0
0.3512065793888084,0.3557834823351591,0.0
0.23559841090080758,0.5807447449483452,0.0
-0.26746015054662675,0.7121790809828048,0.0
0.0530751074398057,0.7624770430267938,0.0
0.21026210279139645,-0.026651643463163843,0.0
0.1767352992662894,0.554425005533506,0.0
0.3088510864284313,0.6030519967896424,0.0
0.32127528232915137,0.5974033244685057,0.0
-0.025384910115137105,-0.03293293564145028,0.0
0.29843351106053095,0.3845172927057181,0.0
0.3378936949308926,0.38068006116267217,0.0
-0.14239634389939182,-0.28981958715837375,0.0
0.37375648104718673,0.02556434478367353,0.0
0.1575146079592904,-0.19831914804331374,0.0
0.08403376504920645,0.4300574226630163,0.0
0.15286469000746616,0.47056503395785576,0.0
0.13602162889456593,-0.03893126333935837,0.0
0.2570615730182588,0.1758847900020888,0.0
-0.19075725748210326,0.7449401230407242,0.0
-0.2441970785923091,0.6248658555760969,0.0
-0.14258171824682253,0.6127008821536559,0.0
0.18391717618427372,0.21575794944861082,0.0
-0.1913917646262222,-0.09363938298393015,0.0
0.3557494449662708,0.225933467557766,0.0
-0.06363568001784237,-0.0013625202584153229,0.0
0.3344005257528939,0.2616747770002186,0.0
0.19073893864813352,0.7011289850616869,0.0
0.013847279800943024,-0.05984110603140347,0.0
0.12093975364342224,0.5286031024767248,0.0
-0.001071541054491476,-0.2304257173263562,0.0
0.22355028391940435,-0.1753518825832434,0.0
-0.03997496558495239,0.7710661806274961,0.0
-0.07778828390667214,0.5206206510523863,0.0
-0.11569218967988348,-0.19240863289023746,0.0
0.26266125620875735,0.6578152147692444,0.0
0.009895029929758659,0.6774573221220499,0.0
0.22660396891021795,-0.13192214612473596,0.0
0.3829834875358642,0.20484292528286008,0.0
0.3477985105726378,0.22281479410242833,0.0
0.06901939944701763,-0.27028158264525337,0.0
-0.07344971776843257,0.7846213517395417,0.0
-0.06167229036015387,-0.22208212730060062,0.0
0.18124940420419522,0.6802154601461423,0.0
0.1110584876001901,-0.11418616121799285,0.0
0.3748283227500815,0.1577241977673709,0.0
-0.04839400000728289,0.4789819999444769,0.0
-0.0028200393443842398,-0.24379906641201954,0.0
0.3174918529148789,-0.03968764189447893,0.0
-0.18879038036170837,0.5974026934273835,0.0
0.19083506020750507,-0.049279394437205415,0.0
-0.2184589376673971,-0.1791810717485327,0.0
0.05445941500884288,0.016839958900888963,0.0
-0.595100836432993,0.6274814806286182,1.0
-0.25178594992959735,0.5585226889336596,1.0
-0.8188525097339492,0.48637964502189956,1.0
-0.6715126336168242,0.43675852286881045,1.0
-0.36646110690063316,0.02056746774385343,1.0
-0.39033601401518303,-0.15667149964138005,1.0
-0.6340092609044143,0.26483733878106475,1.0
-0.7805058673794565,0.2936510216297896,1.0
-0.3498985994816064,-0.00316475202122235,1.0
-0.7732734276277717,0.004811694704699665,1.0
-0.4104617009321181,0.4679911078085668,1.0
-0.34736282966437004,0.49877185786733724,1.0
-0.3879246627957764,0.44831476685079785,1.0
-0.8604971717931735,0.4317590412978727,1.0
-0.3954143846921119,0.04691397444838241,1.0
-0.7064152707464715,0.5331721530335003,1.0
-0.7754144457556134,0.08627099323471432,1.0
-0.449761391428118,-0.1400091911030248,1.0
-0.3793199130064342,-0.0071682683771270295,1.0
-0.34675019958507325,0.616519792013241,1.0
-0.29398284101603056,-0.012211699351887484,1.0
-0.7640242220283762,-0.039286587146660557,1.0
-0.7387801387404218,0.4088321145541358,1.0
-0.808674943544774,0.4455559603413606,1.0
-0.6531461102552725,0.4673612517659915,1.0
-0.4070198832833365,0.5001561995098818,1.0
-0.7312957910444653,-0.08210499799176674,1.0
-0.21544796057915616,0.46096252063373067,1.0
-0.8329437139025146,0.5426264042565678,1.0
-0.7587017448121034,0.2547162258117477,1.0
-0.6684608258799951,0.611324387768329,1.0
-0.6926300992539267,0.5224461998792067,1.0
-0.5108956273090681,0.42724313412703663,1.0
-0.7706498223168545,-0.08408282922600074,1.0
-0.33642400142969686,0.512090514946018,1.0
-0.36439235918737634,0.45653840498536935,1.0
-0.6235754072254924,0.6070431597807839,1.0
-0.18223882827714255,0.054228320249060546,1.0
-0.38791558370162904,0.6273504794172493,1.0
-0.386418894500256,0.4277589734656877,1.0
-0.8007751476388532,-0.06987466607587023,1.0
-0.6715553767577283,0.5852355742626265,1.0
-0.8668395616946027,0.028368857528212832,1.0
-0.6998400152556501,-0.021515763135543597,1.0
-0.36285175930422686,0.5553742384853719,1.0
-0.6702859946881048,0.2456737337782695,1.0
-0.17960430673294647,0.5614956693319677,1.0
-0.4989152635626115,-0.1321509237302756,1.0
-0.7147562056622649,0.1597579732913379,1.0
-0.6805170728843715,0.6419154371874018,1.0
-0.29688012532498287,0.09243442891814668,1.0
-0.2901268562185133,0.4620801986819545,1.0
-0.7265437153117988,-0.05575405446029835,1.0
-0.1693510182380904,0.15660023982344362,1.0
-0.8431185462836841,0.17170462924147345,1.0
-0.7965525928510315,0.0269385066762744,1.0
-0.9144334713601776,0.4163889261672067,1.0
-0.5356013917672737,0.42656915548146546,1.0
-0.44013502710717534,0.6916510920731547,1.0
-0.7652818716974983,0.38037894997864163,1.0
-0.3267117642191524,0.6449278922471817,1.0
-0.9130984009486076,0.18383260492879816,1.0
-0.3861793391075199,-0.0214409353538787,1.0
-0.792434496768655,0.3489364112446587,1.0
-0.5881639830637924,0.5214874991402181,1.0
-0.2120835188909107,0.5811395960839558,1.0
-0.33073958857197594,0.5338168616992951,1.0
-0.52942115998088,0.6273980905606458,1.0
-0.5624545191634285,0.49812312969398276,1.0
-0.8691452163542963,0.32101001475521396,1.0
-0.7998190987629819,-0.004060227102956171,1.0
-0.7581985629037484,0.5044198065508831,1.0
-0.8842313361623533,0.33974350583848145,1.0
-0.8497490960923597,0.40402901260455804,1.0
-0.8795751907276297,0.2259942903596952,1.0
-0.6884587576620533,0.045916213629428215,1.0
-0.21084455794612644,-0.0006188988738424772,1.0
-0.8651908528984047,0.27359146704111614,1.0
-0.4139901604335783,0.6837666495978321,1.0
-0.7094454124105516,0.1372415501648705,1.0
-0.4800534219687611,0.5131834629833292,1.0
-0.7021899923585271,0.43953352967622705,1.0
-0.7309370595826885,0.5979387599653785,1.0
-0.7567269542642887,0.07560381956875362,1.0
-0.4508033342868234,-0.07421338061801541,1.0
-0.38214722330950246,-0.02196472787490622,1.0
-0.08625808548916702,0.11658704946842713,1.0
-0.7921661752704465,0.31114408758486367,1.0
-0.4487411649338102,0.027421016526232078,1.0
-0.5737442583011987,0.24883239143793445,1.0
-0.3663034608555171,0.4886197354404689,1.0
-0.47612993058840636,0.4084476172409435,1.0
-0.8303512896900165,0.06251701262264131,1.0
-0.2025259129634156,0.0993877387907518,1.0
-0.2215178920600267,0.10910473569926982,1.0
-0.4368637405293083,0.6542645221890369,1.0
-0.33857916133714716,0.014269400855446479,1.0
-0.7363187572465948,0.11505518775619761,1.0
-0.37215713614421353,-0.1590700761980539,1.0
-0.32207625012688146,0.5330595997453218,1.0
-0.3057057763448128,0.5677055216130622,1.0
-0.27921912788650793,-0.01925349388064368,1.0
-0.7136388220430334,0.007766006533889813,1.0
-0.9139961352616375,0.33615738142663854,1.0
-0.6482961467283133,0.5831882041944381,1.0
-0.7073410626286116,0.43517640423258164,1.0
-0.6008595249644793,0.5659429030678929,1.0
-0.6037100013762231,0.4110528524362538,1.0
-0.6614129880719966,0.589704562134814,1.0
-0.8615413254033242,0.36495121748612935,1.0
-0.7464005138655003,0.5006276330469761,1.0
-0.6912099733353856,0.03812942798262142,1.0
-0.8457010455037837,0.030191550160679093,1.0
-0.24640306779227394,0.49365444176017825,1.0
-0.5223806911615436,0.6582848118219116,1.0
-0.637451548387773,0.41110408208163607,1.0
-0.7003268525725912,0.5519890052382084,1.0
-0.4654404642258847,0.38214152687862923,1.0
-0.530774861566996,0.5645747497191602,1.0
-0.6243656581220858,0.21282151816371897,1.0
-0.7281735693598723,0.5778547248449797,1.0
-0.46659777380622436,0.4304113324600125,1.0
-0.2466524694236678,0.09795853212469718,1.0
-0.7395860136879235,0.026963152466467744,1.0
-0.6162241732053817,0.6804622353582517,1.0
-0.3285516959454282,0.03048335639721622,1.0
-0.2997044995926472,0.05006171046320329,1.0
-0.8979183573335183,0.13938118272051003,1.0
-0.40009213136728317,0.044460490636598404,1.0
-0.8804915568622178,0.11762511088264693,1.0
-0.8621134977263074,0.23551999170910998,1.0
-0.32821182247208913,0.016257393716280433,1.0
-0.7057798534775563,0.39866891931545534,1.0
-0.4752527829648472,0.4576662161752949,1.0
-0.5458563791993829,0.6092614291242913,1.0
-0.40419626411945964,0.4287834916065141,1.0
-0.7317217792107968,0.17082327943010323,1.0
-0.4219997839574565,-0.10978797841962451,1.0
-0.2912992816102784,0.4677926250435298,1.0
-0.7038080218367375,-0.1344481784756668,1.0
-0.8777232938633288,0.4867243491776645,1.0
-0.7527116010984094,0.3222923975680827,1.0
-0.43804876140772664,0.6151748493580853,1.0
-0.3151062062635859,0.033751804919061934,1.0
-0.8804779308128099,0.34510959864960244,1.0
-0.6873365497217938,0.1291631170623344,1.0
-0.5834316896163458,0.30000805003974773,1.0
-0.8701645434210421,0.2458706340605441,1.0
-0.8939768234741554,0.37363458118262693,1.0
-0.6576517072171502,0.3331222531538498,1.0
-0.3060606382086859,-0.12049583868456892,1.0
-0.779416681573647,0.0966943381027554,1.0
-0.19280422666702401,0.11525457268713635,1.0
-0.32902628598922634,0.43471950855628605,1.0
-0.6339174028246237,0.19283384830939654,1.0
-0.7684545740704776,-0.05167795814117837,1.0
-0.891832655771928,0.36822620834195785,1.0
-0.6610819940832933,0.43388987612236773,1.0
-0.771755174158065,0.5830075792993019,1.0
-0.3566583287771703,-0.08444942594082927,1.0
-0.6294933218655769,0.5862923536738747,1.0
-0.5003025802812571,0.3505805902233301,1.0
-0.2130978227329412,0.17291399507450644,1.0
-0.7179993250001009,0.16956963615737086,1.0
-0.3135616356409563,0.08866310615090067,1.0
-0.8149483819485352,0.5422417797463839,1.0
-0.4933499777499091,0.43247199993886154,1.0
-0.2864141793422357,0.5707360659856187,1.0
-0.47118710668289987,0.4202046825375654,1.0
-0.7952059858058598,0.46367913535489147,1.0
-0.6499640837239826,0.12768498751765023,1.0
-0.49863198455837887,0.6036194901125722,1.0
-0.39336250296201336,0.6247871473699256,1.0
-0.7070319729516998,0.26693216052404667,1.0
-0.3865218027115245,-0.06547845834357768,1.0
-0.46780137968121416,0.5855699071145244,1.0
-0.5070156773960379,0.4107921903259355,1.0
-0.9193096684784634,0.1504753306484976,1.0
-0.5049650105203172,0.3803136763314594,1.0
-0.11296122591456315,0.07012578149325321,1.0
-0.7426092686502033,0.3766137989379372,1.0
-0.647949195205169,0.1419640828954678,1.0
-0.3512075975112927,-0.09909510660860565,1.0
-0.6705494421258731,0.36665123491205365,1.0
-0.6744195497472989,0.4504268999237322,1.0
-0.7103840574329865,-0.013024651640474616,1.0
-0.4597605636387456,0.6384443330458476,1.0
-0.7596947207302316,-0.03480099734755071,1.0
-0.11150331066632657,0.11215516590002417,1.0
-0.17048874657616042,0.01569708774379097,1.0
-0.25272966087448534,0.4688097557326134,1.0
-0.7536301504369416,0.013881427654028222,1.0
-0.4703834964882796,0.6624384874219353,1.0
-0.40710382682430635,-0.1679698368602749,1.0
-0.7494615976986367,0.2609817155464682,1.0
-0.6528343017552141,0.21253202914330682,1.0
-0.46196748540200105,-0.15078622009944742,1.0
-0.7226180973057288,0.024076497120507412,1.0
-0.3423442911490455,0.5130948474588535,1.0
-0.25442141960573683,0.5750152947653888,1.0
-0.8095486119466373,0.26025783603355146,1.0
-0.5996469614069779,0.45620104199824585,1.0
-0.6723412834642326,0.4090715033411023,1.0
-0.2655047061635927,-0.10831246328214639,1.0
-0.5703623091987449,0.3436490923674873,1.0
-0.3602707772014804,-0.049984173707446455,1.0
-0.26724188803294235,0.17511867852312712,1.0
-0.6083947351321983,0.4530470234896531,1.0
-0.427711501315565,0.647419299002661,1.0
-0.43079716499017606,0.5459753668286305,1.0
-0.5792210209321964,0.3764953798048012,1.0
-0.5594659830705739,0.38650820329372015,1.0
-0.20196503826633094,0.1825271934607713,1.0
-0.9290253952447354,0.19741416548682977,1.0
-0.36600624172545837,-0.008587577913075517,1.0
-0.3792971186257832,-0.009669261405466534,1.0
-0.2818637939611788,0.4759616719601951,1.0
-0.8345970756020331,0.5463597539789466,1.0
-0.8374635307794709,0.38987976051929585,1.0
-0.7468355503787616,0.11768778706624872,1.0
-0.3237918566049667,0.6286372083764198,1.0
-0.863257331117002,0.0885702486155917,1.0
-0.678988756685402,0.07235632027845473,1.0
-0.6940734851956527,0.5759255609256773,1.0
-0.2948459691327381,0.08248236637510686,1.0
-0.6993665025255884,0.39039068263775145,1.0
-0.412356398394486,-0.09253833831433234,1.0
-0.6417673000711637,0.23726487808031527,1.0
-0.633710821024811,0.16817370431690848,1.0
-0.3072066725507807,-0.1075345842643265,1.0
-0.21372070208411786,0.4888251259281653,1.0
-0.18580570089557802,0.07861429576654078,1.0
-0.6238904487737424,0.2867377851241739,1.0
-0.7999355178505192,0.1931787279010384,1.0
-0.5998732021862347,0.44895258195370635,1.0
-0.26247176465350863,-0.07642065999809988,1.0
-0.6419910148446621,0.5838826103477472,1.0
-0.5791384624472924,0.6279666629759881,1.0
-0.8900689542240949,0.10945318496793632,1.0
-0.26960875718302235,-0.10088118306241545,1.0
-0.7307502911306987,0.038034558406374375,1.0
-0.7704290494846175,0.24824739515019334,1.0
-0.5883036834452611,0.24127539575643042,1.0
-0.7218791590512099,0.6058277683114337,1.0
-0.3889798436772227,-0.028469944477420572,1.0
-0.3894164917024625,-0.1326557088081448,1.0
-0.7942765538070182,0.15245737074414945,1.0
-0.3798052960443876,0.4248261127539874,1.0
-0.17020557449332618,-0.002240561754248027,1.0
-0.5592045974085893,0.5647128861110002,1.0
0.0024569988397449283,0.13693671071243574,2.0
-0.5775886342886978,-0.012127133871525864,2.0
0.29057171686969285,-0.731023302901304,2.0
0.6496654789396006,-0.6133495001410894,2.0
-0.051024769876744314,0.3684225972300441,2.0
-0.029571809270464877,-0.8711714405445299,2.0
-0.4732369202545412,-0.5388932661761141,2.0
-0.6698342564516782,-0.29152231039720977,2.0
-0.24030984776271924,-0.8102493506306885,2.0
-0.3159276592876963,0.2642446970918768,2.0
0.9401410873815326,-0.08613866341045084,2.0
-0.6698173017660647,0.007488342091523048,2.0
-0.02270006739659758,-0.8226812421732643,2.0
-0.5988165643506178,0.145649851493312,2.0
-0.5979013393554957,-0.24754836209142006,2.0
-0.5175049196972712,-0.14577604555226942,2.0
0.672064486357107,-0.6414851393491732,2.0
0.015153421453731886,0.21938052793580276,2.0
-0.2517735121244571,-0.6832825861430998,2.0
-0.6916826466909705,-0.06605172782346402,2.0
0.2851004860042212,-0.8344722961484983,2.0
-0.6035208927127738,0.05974436187194776,2.0
-0.5585083133039097,0.15573234661998092,2.0
0.8906280400593292,-0.25894211161146874,2.0
0.7493615292709153,-0.4763527272180961,2.0
-0.5862582032709751,0.08864970582493092,2.0
-0.3181184124562275,0.3362078658758636,2.0
-0.41332056541086604,0.24834045492184886,2.0
0.5012210113220128,-0.7016385861400569,2.0
-0.5036029669197668,-0.29785869551397237,2.0
-0.474586435616404,0.24979606884062422,2.0
-0.5097615427544933,-0.30181063711811107,2.0
-0.003755180679818171,0.22587178510262662,2.0
-0.45279278300516723,0.1867502810088164,2.0
0.043587216658709016,0.33841602124664405,2.0
0.4410871924046267,-0.7591825970988664,2.0
-0.6315472949776773,-0.2787547148747289,2.0
-0.406069443274504,0.19476089057097612,2.0
-0.5187167591436264,-0.5927030438935539,2.0
-0.15200515676140824,0.3596534268333147,2.0
-0.5746031639583729,-0.0035725967814399517,2.0
-0.5639634689808353,-0.32123667995156757,2.0
-0.6716185057127981,-0.09813806876257636,2.0
-0.4667193495544144,0.04115010581911038,2.0
0.013348041480648387,0.3819387014721425,2.0
0.6768967625571187,-0.6241932370086061,2.0
-0.47963668389327885,-0.6026488036496376,2.0
-0.05798205533808143,-0.7576480822632203,2.0
0.8920569065107125,-0.30868539810831774,2.0
-0.6244188302305027,-0.017566554011336555,2.0
-0.4919951123615136,0.33106152719163373,2.0
0.0818051923728127,0.10732859145607443,2.0
0.42054765188175747,-0.6967835921575973,2.0
0.8351856038801337,-0.3488435024035179,2.0
-0.15218478515762235,-0.7486164878012496,2.0
-0.4126862134751872,-0.5574887518321485,2.0
-0.4949705347554687,0.058329961101933,2.0
0.9218989153894381,0.2172904171214911,2.0
-0.18991993672120788,-0.7243947392136676,2.0
-0.21107085381509139,0.29351003167814316,2.0
-0.3349852586050932,0.24916050608763496,2.0
-0.11590695182125765,0.37673913057541264,2.0
-0.5040471198003851,-0.11907070302547584,2.0
-0.37949980122053684,0.398920743063645,2.0
-0.5686950890441058,0.03727839880323791,2.0
-0.1339614281418542,0.36209301119919224,2.0
-0.5272116427610583,-0.18339511274703724,2.0
-0.3299971888014932,-0.7358630377170094,2.0
-0.5373950694662406,-0.1272313349940113,2.0
-0.2686229246643157,0.38743910953089866,2.0
-0.48706985092456856,0.13157782790910688,2.0
-0.6637582684856309,-0.032862860697088214,2.0
0.5098537726174899,-0.7690282818433578,2.0
-0.42962525418288133,-0.48505233809221493,2.0
0.05965262692846718,-0.8803140236312486,2.0
-0.056429313201325826,-0.8059794059919674,2.0
-0.5238762455077961,-0.1130968095630176,2.0
-0.604132653607105,0.009726760480143648,2.0
-0.040158880983227174,-0.8266202002719385,2.0
-0.005900712790416707,0.38930976935175066,2.0
-0.5463113910676987,-0.020899361152046048,2.0
-0.5037658001098535,0.2485505157604535,2.0
0.411382253509329,-0.7998272583228243,2.0
-0.3433055911348011,-0.6038374809634846,2.0
-0.11400639809508784,0.41683989188484816,2.0
-0.5934302776797924,-0.10625885473699359,2.0
-0.18285733846406105,0.32886639947670937,2.0
-0.6830620601249036,-0.05531573131721146,2.0
0.0919209744588394,-0.8766584858868527,2.0
-0.6513374921737161,-0.3529802326550693,2.0
-0.11450193024910504,-0.7005203734289924,2.0
0.013574141314599997,-0.8263662843505495,2.0
-0.6146307298676739,-0.24553164835698382,2.0
-0.2523028181790299,0.3790927333572427,2.0
0.09652143715074302,-0.8041503008089448,2.0
0.7760916002869782,-0.4016538829852674,2.0
0.9400949601506223,-0.1184815154904566,2.0
0.6044119686882763,-0.5858794538587693,2.0
-0.3111169978641579,-0.6577178188128261,2.0
0.12596941102564263,-0.8679470374724791,2.0
0.10476305228609895,-0.8114764083338497,2.0
-0.6000739538233482,-0.049201766069721486,2.0
-0.12200738754232887,-0.8070482349655907,2.0
0.3534074208225717,-0.8304310606238394,2.0
-0.41811692841588344,0.384033317414084,2.0
0.4837557853613883,-0.7858759794761936,2.0
-0.30656811863646216,0.28858960454521476,2.0
-0.6411439125960048,0.028776445586959687,2.0
-0.4769777440929641,-0.6516434750560534,2.0
0.8160390825769004,-0.3755664591005208,2.0
0.06643008459955357,0.09936876154072616,2.0
0.09311484435402462,-0.8255014758736512,2.0
-0.4005264646009603,0.13830711375786486,2.0
-0.11484808759319787,0.2989960444318782,2.0
0.03146828768430798,0.23664536123157243,2.0
-0.3430035487451131,0.319522310631541,2.0
-0.32651276922033556,0.1979809219985884,2.0
-0.4628546906837836,-0.42005999466826816,2.0
0.15335840776112875,-0.782046376929157,2.0
-0.02950645486793335,0.3781493058968428,2.0
0.5458753227637603,-0.6913064644567717,2.0
0.7852681268957931,-0.3987386333587384,2.0
-0.6902749209928372,-0.19907548636130423,2.0
0.7087562000850449,-0.6226567732685846,2.0
-0.1574170635275307,-0.8124178319353741,2.0
-0.36150472310608706,-0.6778723228167305,2.0
-0.5919998646550582,-0.22884334474078138,2.0
0.6151118522641106,-0.7177555247047156,2.0
0.27700811835557015,-0.793900074751849,2.0
-0.5956864092412013,-0.28722276970604055,2.0
0.3985778324467013,-0.7922834089118855,2.0
-0.6287693601951576,-0.3357379387341539,2.0
0.02235704891697532,-0.8580969894212,2.0
-0.19503786755836106,0.3287358773822313,2.0
0.6607458115547848,-0.5696033219240364,2.0
-0.06270848389995631,0.28034007536145045,2.0
-0.034285404540994824,0.10786688258245292,2.0
-0.08508898849440394,-0.7731352514411411,2.0
-0.2871520065087636,-0.636912789437414,2.0
0.6972046576799247,-0.62651938775657,2.0
-0.4471314722231525,-0.6263710048649815,2.0
0.7326247872075531,-0.5280721553091603,2.0
0.16421051645843865,-0.7615788399013654,2.0
0.9295045378362896,0.09534280654331995,2.0
-0.5722897217550469,-0.374183924915108,2.0
-0.5207487481669497,-0.558072700650035,2.0
-0.08829051097952978,0.202650585473239,2.0
-0.5648487274612966,-0.5217916637894999,2.0
0.2596678807287429,-0.8081856394680333,2.0
-0.056295086681658724,0.41076742434608504,2.0
0.7688889055226118,-0.5454409191405047,2.0
-0.3666595197121414,0.23651100553363902,2.0
-0.1332110341482815,-0.7316822552476931,2.0
-0.5508739666986857,-0.1050832652920326,2.0
0.27127649238711915,-0.7593410518454844,2.0
-0.2122692912492914,0.44280370770931676,2.0
-0.46434660868105637,0.049123043726419624,2.0
-0.19962097011328228,0.4018704580370507,2.0
-0.2562943656061525,0.33287101304370226,2.0
0.013688616569925038,0.2868955174209775,2.0
0.018488900784473072,0.33122835849405297,2.0
-0.25419556635418417,0.23828014850340695,2.0
-0.32487645598362436,-0.6448301952505759,2.0
-0.3077334244526668,0.22286546366186943,2.0
0.06507235905089925,-0.8776184146094046,2.0
0.44255674401229994,-0.7143066727981255,2.0
-0.5629096618479863,-0.07412431663713126,2.0
-0.5483256493914588,-0.0569540173366172,2.0
-0.4618665835928084,0.3241147148788339,2.0
-0.4597106517070082,-0.3995809530331611,2.0
-0.5406836023086579,-0.11538397747427132,2.0
-0.06543527177590924,-0.7801701643160646,2.0
-0.5033167348547076,0.22848163669827826,2.0
-0.05333892893172676,0.25621885407948475,2.0
-0.3467053566720777,0.2511493452217475,2.0
0.5891366816625319,-0.6152167002220061,2.0
0.10284039545020862,-0.8548997511687659,2.0
-0.5303327171712902,-0.4898553372729595,2.0
0.2927764364102994,-0.7321239398344817,2.0
-0.5356893488273056,0.03060035283943252,2.0
-0.34574186258736406,0.21148370117180892,2.0
-0.10115611967533633,0.25270527989498426,2.0
0.03382252909107053,0.2829435878506994,2.0
0.6316605973577656,-0.6407689459767614,2.0
-0.5000213539554186,0.006396346572837608,2.0
0.11252119969862018,0.18085630824644428,2.0
-0.19994394443993513,0.4368666759714046,2.0
0.22444083372269552,-0.8150884452395417,2.0
-0.2044394732055439,0.21096515063219012,2.0
0.16252857258823994,-0.8915357113221551,2.0
0.09529818626731945,-0.7793804172634535,2.0
-0.3072998191130587,-0.7151420811518125,2.0
-0.03269937537344858,0.3976061674453917,2.0
-0.2520409602633442,0.2859007385824581,2.0
-0.20642269174983752,0.20974407125797767,2.0
-0.2623866394624892,0.21803430018322922,2.0
-0.41153629728920627,0.15122644100860394,2.0
0.48532291977037545,-0.7838539586530275,2.0
-0.32231781635318857,-0.7532689255021179,2.0
-0.33261731851467236,0.1786521513015269,2.0
0.44222149528894716,-0.708706846879662,2.0
-0.5230157826778874,-0.6068372247007001,2.0
0.08581042143708562,0.25547330696511983,2.0
-0.5144673107215554,-0.02940625959924481,2.0
-0.4285526337964678,-0.687982463751122,2.0
-0.5634142615444211,-0.30311309028493016,2.0
-0.5566658221880241,0.046578273732929665,2.0
-0.6505566236489935,-0.3560807807062225,2.0
-0.14867767854104685,0.2570700857655399,2.0
-0.5348589570949043,-0.4046128447706199,2.0
0.8515136834555947,-0.3344851851130217,2.0
0.1424928642620955,-0.7888682997271073,2.0
-0.6687570450860609,-0.2706408752262921,2.0
-0.3913853103036131,0.14673333443113057,2.0
0.5714714486101495,-0.6050363097724101,2.0
0.9232093740438994,-0.055415814179997414,2.0
-0.6176940721254898,-0.16557666459663078,2.0
-0.2550292924394415,-0.679366897671756,2.0
-0.5029347459489404,0.15800936534439725,2.0
-0.5503180319250554,-0.5451080792632659,2.0
0.7781282606835482,-0.4280786460858299,2.0
-0.35074236412616133,-0.5681866599967937,2.0
0.2994553551675385,-0.8151704815725869,2.0
-0.42339431110872994,-0.517338415575616,2.0
-0.1724017267295821,0.4347693704853792,2.0
-0.09262434774676898,-0.7259970361760679,2.0
0.8982175415018181,-0.26620672334113316,2.0
0.8485931990740339,-0.27121365136464615,2.0
0.03711691790303617,-0.8376218653367353,2.0
0.5937603047531614,-0.6810392193473906,2.0
0.5862429419740878,-0.6246384687548578,2.0
-0.258870645086998,0.20708642736771377,2.0
-0.5633163332841384,-0.4487440572499357,2.0
0.9064192770169632,-0.10668896942097117,2.0
-0.3575266583513961,-0.690930750387488,2.0
-0.20663191751476595,0.2405890909330306,2.0
-0.25892445228881833,0.29984144242667266,2.0
0.26797564003874874,-0.8398286926961678,2.0
0.5288036933306242,-0.740406256643511,2.0
0.0021099981908647703,0.31406538591985966,2.0
-0.440975650268977,0.23786205483211798,2.0
-0.33174401887621174,0.16225492811734865,2.0
-0.07036026345893198,0.2771763661843727,2.0
-0.5137914923348985,0.1621928579103158,2.0
-0.23101095324763832,-0.7879389332290654,2.0
0.7413478060787466,-0.4653688974160515,2.0
-0.548727716590881,0.22232375736424181,2.0
0.7894269863732848,-0.5133523634647932,2.0
0.06408152123303568,0.08714097710887225,2.0
0.5021114963755282,-0.6936201325342444,2.0
0.27296847250067,-0.3110902145869321,3.0
0.22800571444934747,-0.36881457580350085,3.0
-0.8225460100082709,-0.07415257458709723,3.0
0.12740042838645027,-0.2718086576170202,3.0
-0.9390955693187488,-0.1058750443422718,3.0
0.5450436634751943,-0.5196312934145573,3.0
0.1617615405606445,-0.5084866225663494,3.0
-0.9650473578410927,-0.13887156886974727,3.0
-0.2801631437227543,-0.3963568442225116,3.0
-0.9548918561342277,-0.009210418035893175,3.0
-0.7020066516770369,-0.25630924636564667,3.0
0.45405889942929023,-0.6089583841136037,3.0
0.04910234873966446,-0.4588844410790487,3.0
0.5181405439762989,-0.41288080481907774,3.0
0.7608332159291569,-0.6550102047841171,3.0
0.17600245990668384,-0.44514909366567346,3.0
0.8190638343407499,-0.5034179733215416,3.0
0.5839630909012052,-0.46425400925163807,3.0
0.8589148226918328,-0.6908249091050991,3.0
0.5082563030398057,-0.5716919711332016,3.0
-0.47084285512341495,-0.2807065497239756,3.0
-0.7556190478523725,-0.12940374241942743,3.0
0.44588188396575656,-0.4712142677842601,3.0
0.8725235085053777,-0.709422612927842,3.0
-0.3449332815424486,-0.3187370420227764,3.0
0.4318568067662656,-0.4658656407327775,3.0
0.18994203312248503,-0.4034402173599909,3.0
0.45199899151667355,-0.5122818481280358,3.0
0.5477861490292555,-0.4197884183777847,3.0
-0.9436534105455965,-0.17743275923353052,3.0
0.3119619586140554,-0.4500819145104129,3.0
-0.32505848501232504,-0.3217389416617966,3.0
0.09279119646368938,-0.36648794490500625,3.0
0.33355224691517016,-0.36661682287587793,3.0
0.9580375098645968,-0.539770330310865,3.0
0.7839440774431983,-0.7331661145862931,3.0
0.7829441022617905,-0.5674873284166684,3.0
0.1054210229902135,-0.2818949345228312,3.0
0.1956132298411679,-0.3165318981836047,3.0
0.3989791551369568,-0.4925897805611046,3.0
-0.9724335926928604,0.00903429950792134,3.0
0.5803759247968161,-0.4014979733863999,3.0
-0.7290213599546778,-0.1488949249644358,3.0
0.10936626767862867,-0.5265263758987648,3.0
0.4790750824123198,-0.4478078086805872,3.0
-0.26053220890596274,-0.31215280620220387,3.0
0.08923452957005651,-0.4382213164902351,3.0
0.5726541073768958,-0.49335305957224107,3.0
0.3707105400678907,-0.33578383851332294,3.0
0.052320429276580205,-0.41189062644819785,3.0
0.5960211178259716,-0.5214032142807679,3.0
-0.12509921618907116,-0.4330504504041146,3.0
0.374674771590336,-0.43191866169761095,3.0
0.8724574758165187,-0.6208616224915768,3.0
-0.011393187410332795,-0.3322255399606895,3.0
0.5026999672851293,-0.6341384401080363,3.0
-0.9570891102381338,-0.13727422231445408,3.0
0.4880368192108253,-0.549547907149144,3.0
0.9010547795175947,-0.595227905086632,3.0
0.992028019898092,-0.6655213927490422,3.0
0.8474932252305849,-0.6524426180652103,3.0
0.2932371810432628,-0.5107649693823724,3.0
0.44194271004980656,-0.45989683662852765,3.0
0.816763172144495,-0.5756275520057303,3.0
0.3548595379173385,-0.40866367710490614,3.0
0.6798497290553036,-0.5067108062798988,3.0
-0.16534405142050268,-0.44082251723845545,3.0
-0.476825861875003,-0.30442784733378603,3.0
-0.101120031331567,-0.373786018797331,3.0
0.24560229008511025,-0.41502502769642446,3.0
0.7059693466578996,-0.4185031437984894,3.0
0.34925111196927605,-0.48743480092739255,3.0
0.28851954732154295,-0.536448084515009,3.0
0.8642607426393727,-0.6341498017496097,3.0
-0.03857252767255792,-0.3328335230800741,3.0
-0.4334201406081517,-0.35038896160779576,3.0
-0.40281765163582084,-0.27421260032665207,3.0
0.6956664901102214,-0.47483679059094475,3.0
0.35612217293579707,-0.5355854127947248,3.0
-0.08327714584459645,-0.31868803044649785,3.0
0.7716807918935786,-0.5982307749199072,3.0
0.04781809149334815,-0.42464605426480007,3.0
-0.9317743276179513,-0.14274530730361445,3.0
-0.19306339331435707,-0.3521110409149524,3.0
0.16515180196176904,-0.3701214018702974,3.0
0.8159236551046885,-0.5180405269937387,3.0
0.3655820089241457,-0.3522483648968995,3.0
0.9166985470879923,-0.5865196988251631,3.0
-0.9313668555656038,-0.20490758274419174,3.0
0.4977765491174766,-0.4117866467440827,3.0
0.27611043042508765,-0.3545256959171754,3.0
0.4579308139715714,-0.5192241934020625,3.0
-0.47147114354573416,-0.2885190976017198,3.0
0.680483925349687,-0.42504944628707486,3.0
-0.8508492972733048,-0.059112172076631664,3.0
-0.9509489977295653,-0.09476831040373268,3.0
0.2598430590537142,-0.4971942418328532,3.0
0.24168469416245242,-0.28327580382463946,3.0
-0.8959221699996942,-0.16980504273623231,3.0
0.19180269655548776,-0.3279368052648466,3.0
0.5055904465017944,-0.5153184324528726,3.0
0.3623834834687001,-0.5716932012270763,3.0
0.44552964042863064,-0.3394421067476594,3.0
0.505386687764277,-0.5678226100288166,3.0
0.5391064565049173,-0.4013325212177661,3.0
0.8534837305693488,-0.462481754081876,3.0
-0.8419635777164209,-0.11646709484143014,3.0
-0.004529021834514646,-0.30812412749445994,3.0
0.4611634494285861,-0.39438978731324537,3.0
0.2223428556164171,-0.42232529340563696,3.0
-0.33037451749100843,-0.392527218043345,3.0
0.3024019239541582,-0.29801716067905004,3.0
0.44409088005823216,-0.6169670345023512,3.0
0.8082462055037314,-0.6623285112090371,3.0
-0.8702429133678857,-0.19156371111926318,3.0
-0.1052697579370474,-0.38324913097684155,3.0
0.4315749257082322,-0.6056126010483438,3.0
-0.9331326907972923,-0.11042719371091803,3.0
-0.22396676142695005,-0.325339814672142,3.0
-0.23190292350912634,-0.39986711280136733,3.0
0.552016141132599,-0.4282393569370635,3.0
0.8552839290317553,-0.5383252834939598,3.0
-0.09434698666787988,-0.41134557898862867,3.0
-0.07279226074001266,-0.3647060562176234,3.0
-0.847281375733993,-0.1610304516891441,3.0
-0.845343960482031,-0.06626729688437027,3.0
-0.328139075923745,-0.3302502313621134,3.0
0.16213702507902994,-0.4983497110026345,3.0
-0.3497197140813777,-0.281732942136937,3.0
0.9433283402494119,-0.7005324540120146,3.0
0.8769933061151904,-0.5152746084569413,3.0
0.07379459019796908,-0.48201809709345067,3.0
-0.24256819815487884,-0.4096556519367305,3.0
0.8833667023329128,-0.7640192330064846,3.0
-0.9849596055328023,-0.07558138811121173,3.0
-0.40563359524991105,-0.22723484961245033,3.0
0.8053672901502873,-0.5875396421540944,3.0
0.4777511721281513,-0.464870616748458,3.0
-0.43426107573668826,-0.24636823736436964,3.0
0.39732463883736147,-0.45192802878004557,3.0
-0.8131469804458655,-0.10506007629226088,3.0
0.360432506250268,-0.4702430734387164,3.0
0.8310098456041695,-0.5624068815761245,3.0
0.46310445356456276,-0.4649231740192743,3.0
0.38051748155221765,-0.5413599437514767,3.0
0.50764700204235,-0.5048801057161265,3.0
-0.17144945615498464,-0.4028698662327499,3.0
-0.8943397033292686,-0.010752569397150635,3.0
0.14162754073641426,-0.3198426524341147,3.0
-0.7528246147097271,-0.13311707805840767,3.0
-0.9722313131670262,-0.00040252767581816506,3.0
0.7945626077503114,-0.576018136482561,3.0
0.5071039290956731,-0.4746506764088554,3.0
-0.18269330505359926,-0.29289124911162423,3.0
-0.7255403395780846,-0.21617692671120547,3.0
0.8399576718117441,-0.7123990151125796,3.0
-0.735076121276341,-0.2594032266529278,3.0
-0.3409554281232019,-0.3104353757815672,3.0
0.012977104094974656,-0.2994211624987315,3.0
0.9963474616783559,-0.6947313410258702,3.0
-0.18160495846903357,-0.3646360704323477,3.0
0.6743138838596741,-0.6874988386358691,3.0
0.2959313999121109,-0.2970028115755514,3.0
-0.7329400783618523,-0.27348050312929995,3.0
0.614766241965031,-0.4130436208153183,3.0
0.3919542378731904,-0.46021255799489347,3.0
0.045141217769885555,-0.3351211623128074,3.0
-0.9754993922834938,-0.04341934819078075,3.0
0.5795258277908384,-0.39983054749330904,3.0
0.8518602993707862,-0.6758119701185483,3.0
0.7525925910228242,-0.5839798669391003,3.0
-0.9647147577752706,-0.16558012533999378,3.0
0.29424942093385,-0.3649545301096171,3.0
-0.42714424584576305,-0.35166960169291395,3.0
0.34992599879601416,-0.434923374066601,3.0
0.4593226327705051,-0.3574357318142438,3.0
0.2610178351761585,-0.5370369792628997,3.0
-0.8469790936067136,-0.24013334852642654,3.0
0.5994012672707698,-0.5369660924633646,3.0
-0.8275077174917984,-0.14760778999604351,3.0
-0.9166464152910003,-0.15613728940037097,3.0
0.004798396746715783,-0.4294227004365585,3.0
0.6111996065081355,-0.3872053473626018,3.0
0.4520968033445454,-0.48201125492296404,3.0
0.6745144377824579,-0.6709542112023716,3.0
-0.8117427910986772,-0.23780192411395507,3.0
-0.9350584360726615,-0.11366618511467497,3.0
0.42973979283767805,-0.33066776765407613,3.0
0.08256963875852152,-0.5199118185944669,3.0
0.42881914963518897,-0.44209387970431346,3.0
-0.4529604832948506,-0.3540533697349624,3.0
-0.44202299040628845,-0.26587666106553387,3.0
0.8089728093854183,-0.7110017839181864,3.0
0.9356279604256603,-0.638944434331123,3.0
0.8767935308244685,-0.7514257852870294,3.0
-0.9342505270923438,-0.188845456528828,3.0
0.949773914412992,-0.5268146227976849,3.0
0.12882871240701443,-0.5008154471896131,3.0
0.21074028804179523,-0.310377125572449,3.0
0.41741052925182287,-0.6215908687972951,3.0
0.3822569869770831,-0.584058839610545,3.0
0.6476893010389191,-0.5135071188092775,3.0
0.2669953132743583,-0.282152709682691,3.0
0.46595268542764057,-0.4350251097013538,3.0
0.8450771301160434,-0.5723466466143496,3.0
0.8207346617171127,-0.694236896147931,3.0
-0.9588963830550723,-0.072440918488611,3.0
0.5039317925255637,-0.5727848117264174,3.0
-0.8065735262494111,-0.21217107142561775,3.0
-0.9759552220327214,-0.1516499534369875,3.0
0.18069745698549822,-0.526298738350103,3.0
-0.9650335292319867,-0.20923310284602792,3.0
0.043127430972903724,-0.5051110641769063,3.0
0.5599698422522397,-0.5280110817880928,3.0
0.9697790999633682,-0.49176881582883847,3.0
-0.9177731064957646,-0.010897448295802192,3.0
0.10365123593862458,-0.25943146347638546,3.0
0.5366304662454342,-0.46385124274268796,3.0
-0.06175474596834829,-0.31502479075182843,3.0
0.767247217524857,-0.5736292993308791,3.0
0.046574592665089565,-0.418088419210374,3.0
0.30451193798251897,-0.38351372633505587,3.0
0.2490509689672118,-0.5563288688209378,3.0
-0.3873771610980141,-0.24550896807531863,3.0
0.006760375523353401,-0.30965688933801316,3.0
-0.932033386366826,0.0021232006907199175,3.0
-0.8113225170201603,-0.08920267922676128,3.0
-0.42904409892334416,-0.280288810132427,3.0
-0.9458263744374844,0.075876470194572,3.0
0.8103069956179678,-0.6929399351122543,3.0
0.19185439668318205,-0.3178654206566014,3.0
-0.16732220821568555,-0.3781001440952301,3.0
-0.1555795678383498,-0.3826114806029346,3.0
0.9568856225072604,-0.5431127339558124,3.0
0.3795304090913054,-0.5336623146427835,3.0
-0.42529671939589186,-0.34928670221692726,3.0
0.8316360317068283,-0.672203079540981,3.0
-0.11752240424301896,-0.3857179026396489,3.0
-0.7098447427929195,-0.26239535469982034,3.0
-0.4058116691031637,-0.32460195552023596,3.0
0.14736848824367765,-0.30429443287101776,3.0
0.8788107095215238,-0.661304307659065,3.0
0.05695968462868639,-0.4157858855729697,3.0
0.022960778389794934,-0.3758756271535413,3.0
-0.8992699628638061,-0.09428508508336697,3.0
0.32359276774835677,-0.516647093601108,3.0
0.04455016436787962,-0.49541747340509845,3.0
-0.8929410531394393,-0.11073440615460162,3.0
0.15861350376284267,-0.4055612825523036,3.0
0.4413976612080508,-0.4597333923715756,3.0
